{
    "meta": {
        "version": "7.2.7",
        "timestamp": "2023-08-11T15:26:26.791240",
        "branch_coverage": false,
        "show_contexts": false
    },
    "files": {
        "app.py": {
            "executed_lines": [
                1,
                3,
                4,
                7,
                8,
                11,
                14,
                15,
                18,
                21,
                25,
                30,
                38,
                47,
                48,
                49,
                51,
                52,
                59,
                60,
                74,
                75,
                76,
                77,
                78,
                82,
                83,
                84,
                85,
                86,
                90,
                92,
                95,
                96,
                97,
                98,
                99,
                100,
                101,
                102,
                106,
                107,
                108,
                109,
                110,
                111,
                113,
                114,
                116
            ],
            "summary": {
                "covered_lines": 49,
                "num_statements": 58,
                "percent_covered": 84.48275862068965,
                "percent_covered_display": "84",
                "missing_lines": 9,
                "excluded_lines": 0
            },
            "missing_lines": [
                61,
                62,
                64,
                65,
                66,
                69,
                70,
                87,
                88
            ],
            "excluded_lines": []
        },
        "config.py": {
            "executed_lines": [
                1,
                4,
                5,
                6,
                10,
                11,
                12,
                13,
                14,
                15,
                16,
                19,
                20,
                21
            ],
            "summary": {
                "covered_lines": 14,
                "num_statements": 14,
                "percent_covered": 100.0,
                "percent_covered_display": "100",
                "missing_lines": 0,
                "excluded_lines": 0
            },
            "missing_lines": [],
            "excluded_lines": []
        },
        "test.py": {
            "executed_lines": [
                1,
                2,
                3,
                4,
                5,
                8,
                9,
                10,
                11,
                13,
                15,
                16,
                17,
                19,
                20,
                22,
                24,
                26,
                27,
                30,
                33,
                36,
                37,
                40,
                42,
                44,
                45,
                48,
                49,
                52,
                53,
                54,
                57
            ],
            "summary": {
                "covered_lines": 33,
                "num_statements": 34,
                "percent_covered": 97.05882352941177,
                "percent_covered_display": "97",
                "missing_lines": 1,
                "excluded_lines": 0
            },
            "missing_lines": [
                58
            ],
            "excluded_lines": []
        }
    },
    "totals": {
        "covered_lines": 96,
        "num_statements": 106,
        "percent_covered": 90.56603773584905,
        "percent_covered_display": "91",
        "missing_lines": 10,
        "excluded_lines": 0
    }
}